"id","title","titleEn","titleVi","slug","content","contentEn","image","category","author","status","createdAt","updatedAt","infomaterialEnabled","infomaterialLabel","infomaterialSection","pdfUrl","videoUrl"
"12","Gründe, warum Massage mehr als nur Wellness ist 💎","Reasons why Massage is more than just Wellness 💎",,"massage-mehr-als-wellness","<h2>Eine professionelle Kopf- und Gesichtsmassage ist weit mehr als ein entspannender Moment. Sie unterstützt die Durchblutung, beruhigt das Nervensystem und verbessert die natürliche Funktion der Haut.</h2><div><br></div><div>🔹 Bessere Durchblutung</div><div><br></div><div>Gezielte Massagegriffe aktivieren die Mikrozirkulation der Haut. Dadurch werden die Zellen besser mit Sauerstoff und Nährstoffen versorgt – für einen frischen, natürlichen Glow.</div><div><br></div><div>🔹 Weniger Stress und tiefe Entspannung</div><div><br></div><div>Die Massage wirkt direkt auf das Nervensystem. Stresshormone werden reduziert, während Endorphine freigesetzt werden. Das Ergebnis ist tiefe Entspannung für Körper, Geist und Gesichtsmuskulatur.</div><div><br></div><div>🔹 Unterstützt die natürliche Hautbalance</div><div><br></div><div>Die sanfte Stimulation der Talg- und Schweißdrüsen stärkt den natürlichen Hydrolipidfilm der Haut. Die Haut wirkt weicher, geschmeidiger und widerstandsfähiger.</div><div><br></div><div>🔹 Asiatische Akupressur und Kräuteröl</div><div><br></div><div>Traditionelle asiatische Druckpunktmassage löst Spannungen und Energieblockaden. In Kombination mit unserem Ingwer-Kräuteröl können Verspannungen im Kopf- und Nackenbereich gelöst und Kopfschmerzen auf natürliche Weise gelindert werden.</div><div><br></div><div>👉 Gönnen Sie Ihrem Kopf eine Pause und erleben Sie tiefe Entspannung für Haut, Haare und Nervensystem.</div>","<h2>A professional head and facial massage is more than a relaxing experience. It stimulates circulation, calms the nervous system, and supports the natural balance of the skin.</h2><div><br></div><div>🔹 Improved circulation</div><div><br></div><div>Targeted massage techniques stimulate microcirculation in the skin, helping deliver oxygen and nutrients to the cells for a fresh, natural glow.</div><div><br></div><div>🔹 Reduced stress and deep relaxation</div><div><br></div><div>Massage directly calms the nervous system, lowering stress hormones while increasing endorphins. This creates deep relaxation for both mind and facial muscles.</div><div><br></div><div>🔹 Supports natural skin balance</div><div><br></div><div>Gentle stimulation of the sebaceous and sweat glands strengthens the skin’s natural hydrolipid barrier, leaving the skin softer, smoother, and more resilient.</div><div><br></div><div>🔹 Asian acupressure and herbal oils</div><div><br></div><div>Traditional Asian acupressure techniques release tension and energy blockages. Combined with our ginger herbal oil, the massage helps relieve head and neck tension and can naturally ease headaches.</div><div><br></div><div>👉 Give your head a break and experience deep relaxation for your skin, hair, and nervous system.</div>","/uploads/upload_1772576246246.png","Head Spa","Smiling Studio","published","2026-02-04 07:30:42.304","2026-03-03 22:18:18.296","false",,,,
"13","Wellness trifft Heilkunst: Warum dein Kopf ein Detox braucht 🧖‍♀️","Wellness meets Healing Arts: Why your head needs a Detox 🧖‍♀️",,"kopf-detox-wellness-heilkunst","<p><b>Haar-Detox – Die Grundlage für gesunde Kopfhaut und kräftiges Haar</b></p><p><br></p><p>Juckende Kopfhaut, schnell fettendes Haar oder vermehrter Haarausfall?</p><p>Oft liegt die Ursache nicht im Haar selbst, sondern in einer überlasteten Kopfhaut.</p><p><br></p><p>Im Alltag sammeln sich Talg, Schuppen, Stylingreste und Umweltpartikel auf der Kopfhaut. Diese Ablagerungen können die Poren verstopfen, das natürliche Gleichgewicht der Kopfhaut stören und langfristig zu geschwächtem Haar und Haarausfall führen.</p><p><br></p><p>Ein professioneller Haar-Detox reinigt die Kopfhaut gründlich und schafft die ideale Grundlage für gesundes Haarwachstum, stärkere Haarwurzeln und ein frisches Haargefühl.</p><p><br></p><p>🔹 Tiefenreinigung mit Haarsauna</p><p><br></p><p>Die Haarsauna öffnet die Poren der Kopfhaut und löst Ablagerungen. Gleichzeitig wird Haar und Kopfhaut intensiv mit Feuchtigkeit versorgt und optimal auf die weitere Pflege vorbereitet.</p><p><br></p><p>🔹 Bubble Cleaning</p><p><br></p><p>Feine Mikroblasen entfernen Schuppen, überschüssigen Talg und Produktreste besonders gründlich – deutlich effektiver als eine gewöhnliche Haarwäsche zu Hause.</p><p><br></p><p>🔹 Oxygen-Infusion</p><p><br></p><p>Aktiver Sauerstoff transportiert hochwertige Haarseren gleichmäßig und tief in die Kopfhaut, sodass Wirkstoffe optimal aufgenommen werden können.</p><p><br></p><p><b>Das Ergebnis</b></p><p><br></p><p>✔ saubere und ausgeglichene Kopfhaut</p><p>✔ weniger Juckreiz und Spannungsgefühl</p><p>✔ frischeres, leichteres Haargefühl</p><p>✔ stärkere Haarwurzeln und gesünderes Haarwachstum</p><p><br></p><p>👉 Ihr Kopf fühlt sich leicht an – Ihr Haar wirkt frisch, kräftig und lebendig.</p>","<p><b>Hair Detox – The Foundation of a Healthy Scalp and Strong Hair</b></p><p><br></p><p>Itchy scalp, greasy hair, or increased hair loss?</p><p>In many cases, the problem does not start in the hair itself but in an overloaded scalp.</p><p><br></p><p>Over time, sebum, dandruff, styling residue, and environmental particles accumulate on the scalp. These deposits can clog the pores, disrupt the natural scalp balance, and weaken the hair roots.</p><p><br></p><p>A professional hair detox deeply cleanses the scalp and creates the ideal foundation for healthy hair growth, stronger roots, and fresher-looking hair.</p><p><br></p><p>🔹 Deep Cleansing with Hair Sauna</p><p><br></p><p>The hair sauna opens the scalp pores, loosens buildup, and deeply hydrates both hair and scalp.</p><p><br></p><p>🔹 Bubble Cleaning</p><p><br></p><p>Fine microbubbles gently remove dandruff, excess sebum, and product residue – far more effectively than a regular hair wash at home.</p><p><br></p><p>🔹 Oxygen Infusion</p><p><br></p><p>Active oxygen helps deliver high-quality hair serums evenly and deeply into the scalp, allowing nutrients to be absorbed more effectively.</p><p><br></p><p><b>The Result</b></p><p><br></p><p>✔ clean and balanced scalp</p><p>✔ reduced itchiness and tension</p><p>✔ fresher, lighter hair feeling</p><p>✔ stronger hair roots and healthier hair growth</p><p><br></p><p>👉 Your scalp feels refreshed – your hair looks stronger, fresher, and full of life.</p>","https://images.unsplash.com/photo-1560750588-73207b1ef5b8?w=800&h=500&fit=crop","Head Spa","Smiling Studio","published","2026-02-04 07:30:42.969","2026-03-03 22:03:50.016","false",,,,
"14","Angst vor der falschen Form? Bei uns steht Natürlichkeit an erster Stelle","Fear of the wrong shape? We put naturalness first",,"permanent-makeup-natuerlichkeit","<p><b>Perfekt geformte Augenbrauen – natürlich, harmonisch und individuell</b></p><p><br></p><p>Viele Kundinnen kommen mit denselben Sorgen zu uns:</p><p>Die Angst vor einer unpassenden Augenbrauenform.</p><p>Die Sorge, dass das Gesicht zu streng, hart oder sogar älter wirken könnte.</p><p>Oder die Unsicherheit, ob sich das Ergebnis später noch verändern lässt.</p><p><br></p><p>Diese Bedenken nehmen wir bei Smiling Studio&nbsp; sehr ernst.</p><p><br></p><p><b>Individuelles Brow Design mit der Golden Ratio</b></p><p><br></p><p>Bei uns wird jede Augenbraue individuell gestaltet – abgestimmt auf Ihre persönliche Gesichtsstruktur, Knochenform und natürliche Proportionen.</p><p><br></p><p>Mithilfe moderner Brow-Mapping-Technologie und der Golden Ratio (Goldener Schnitt) analysieren wir Ihr Gesicht und entwickeln eine Form, die perfekt zu Ihnen passt.</p><p><br></p><p>Die Symmetrie der Augenbrauen wird mit einem elektronischen Messgerät millimetergenau bestimmt und harmonisch an Ihre Gesichtsform sowie Ihren persönlichen Stil angepasst.</p><p><br></p><p><b>Sie entscheiden – wir beraten</b></p><p><br></p><p>Wir beginnen mit der Behandlung erst dann, wenn Sie sich zu 100 % mit der geplanten Form wohlfühlen.</p><p><br></p><p>Während des gesamten Prozesses behalten Sie die volle Kontrolle und können jede Entscheidung mitbestimmen.</p><p><br></p><p><b>Natürlichkeit als Markenzeichen</b></p><p><br></p><p>Unser Ziel ist nicht eine künstliche Veränderung –</p><p>sondern eine natürliche, harmonische und zeitlose Augenbrauenform, die Ihre Gesichtszüge perfekt unterstreicht.</p><p><br></p><p>Natürlichkeit ist kein Zufall – sie ist unser Markenzeichen.</p><p><br></p><p><b>👉 Buchen Sie jetzt Ihre kostenlose Beratung bei uns.</b></p>","<p><b>Perfectly Shaped Eyebrows – Natural, Harmonious, and Tailored to You</b></p><p><br></p><p>Many clients come to us with the same concerns:</p><p>The fear of choosing the wrong eyebrow shape.</p><p>The worry that their face might appear too harsh, strict, or older.</p><p>And the uncertainty about whether the results can be adjusted later.</p><p><br></p><p>At Smiling Studio, we take these concerns very seriously.</p><p><br></p><p>Individual Brow Design Based on the Golden Ratio</p><p><br></p><p>Every eyebrow is designed individually, tailored to your unique facial structure, bone structure, and natural proportions.</p><p><br></p><p>Using modern brow mapping technology and the Golden Ratio, we carefully analyze your facial features to create a shape that perfectly complements your face.</p><p><br></p><p>The symmetry of the eyebrows is measured with an electronic precision device and adjusted millimeter by millimeter to harmonize with your facial structure and personal style.</p><p><br></p><p><b>You Stay in Control</b></p><p><br></p><p>We only begin the treatment once you are 100% confident and happy with the chosen shape.</p><p><br></p><p>Throughout the entire process, you remain fully involved and in control of every step.</p><p><br></p><p><b>Natural Beauty Is Our Signature</b></p><p><br></p><p>Our goal is not to dramatically change your appearance, but to create natural, balanced, and timeless eyebrows that enhance your facial features.</p><p><br></p><p>Natural beauty is not a coincidence—it is our signature.</p><p><br></p><p><b>👉 Book your free consultation with us today.</b></p>","https://images.unsplash.com/photo-1522337360788-8b13dee7a37e?w=800&h=500&fit=crop","Permanent Make-up","Smiling Studio","published","2026-02-04 07:30:43.377","2026-03-03 21:33:17.103","false",,,,
"15","Pflegetipps für eine langanhaltende Wimpernverlängerung","Care tips for long-lasting eyelash extensions",,"wimpernverlaengerung-pflegetipps","<p>Für ein optimales und langanhaltendes Ergebnis empfehlen wir:</p>

<ul>
<li>✅ <strong>Kein Kontakt mit Wasser oder Dampf</strong> in den ersten 24 Stunden</li>
<li>✅ <strong>Keine ölhaltigen Kosmetika</strong> im Augenbereich</li>
<li>✅ <strong>Verzicht auf mechanische Belastung</strong> (Reiben, Ziehen)</li>
<li>✅ <strong>Make-up und Eyeliner, Masscara möglichst vermeiden</strong>, da sich Make-up-Reste leicht in den Wimpern absetzen. Diese Rückstände können die Wimpernbasis verhärten, die Wimpern schneller verschmutzen und zu vorzeitigem Ausfallen führen.</li>
</ul>

<h3>Beim Abschminken besonders vorsichtig sein:</h3>
<p>Nicht reiben, nicht ziehen und darauf achten, dass Make-up-Entferner nicht direkt in die Wimpern gelangt, um ein Verrutschen oder Lösen der Extensions zu vermeiden.</p>

<h3>Wichtiger Hinweis:</h3>
<p>Lösen sich einzelne Wimpern oder halten sie nicht mehr fest, lasse sie bitte im Studio professionell entfernen oder bitte eine andere Person um Hilfe.</p>

<p><strong>⚠️ Bitte niemals selbst daran ziehen oder reißen, da dies die eigenen Naturwimpern beschädigen und zu vermehrtem Ausfall führen kann.</strong></p>","<p>For optimal and long-lasting results, we recommend:</p>

<ul>
<li>✅ <strong>No contact with water or steam</strong> in the first 24 hours</li>
<li>✅ <strong>No oil-based cosmetics</strong> in the eye area</li>
<li>✅ <strong>Avoid mechanical stress</strong> (rubbing, pulling)</li>
<li>✅ <strong>Avoid make-up and eyeliner, masscara if possible</strong>, as make-up residue easily settles in the lashes. This residue can harden the lash base, make lashes dirty faster and lead to premature shedding.</li>
</ul>

<h3>Be especially careful when removing make-up:</h3>
<p>Don't rub, don't pull and make sure that make-up remover doesn't get directly into the lashes to avoid slipping or loosening of extensions.</p>

<h3>Important note:</h3>
<p>If individual lashes come loose or no longer hold, please have them professionally removed at the studio or ask another person for help.</p>

<p><strong>⚠️ Please never pull or tear them yourself, as this can damage your own natural lashes and lead to increased loss.</strong></p>","/uploads/upload_1772573017247.png","Wimpern","Smiling Studio","published","2026-02-04 07:30:43.787","2026-03-03 21:23:44.476","false",,,,
"16","Woran erkennt man ein professionelles Studio?","How to recognize a professional studio?",,"professionelles-studio-erkennen","<p><b>Ein professionelles Kosmetikstudio ist mehr als nur ein schöner Raum</b></p><p><br></p><p>Ein hochwertiges Studio erkennt man nicht nur am Design – sondern an Haltung, Struktur und echter Professionalität.</p><p><br></p><p>Beratung – Individuell und transparent</p><p><br></p><p>Professionalität beginnt mit einer fundierten, ehrlichen und persönlichen Beratung.</p><p>Jede Kundin wird aufmerksam wahrgenommen, individuell analysiert und respektvoll begleitet.</p><p>Denn nachhaltige Ergebnisse entstehen nur durch Verständnis und Vertrauen.</p><p><br></p><p>Behandlung – Präzision und volle Konzentration</p><p><br></p><p>Während der Behandlung stehen Ruhe, Fokus und Sorgfalt im Mittelpunkt.</p><p>Keine Ablenkung, keine privaten Gespräche – sondern präzise Arbeit, moderne Technik und höchste Aufmerksamkeit für Ihre Haut.</p><p><br></p><p>Hygiene – Verantwortung und Qualität</p><p><br></p><p>Hygiene ist kein Extra, sondern Standard.</p><p>Strukturierte Arbeitsabläufe, sterile Instrumente und hochwertige Produkte garantieren Sicherheit, Qualität und Vertrauen.</p><p><br></p><p>Atmosphäre – Fairness und Wohlbefinden</p><p><br></p><p>Ein professionelles Studio bietet transparente Preise und eine angenehme Atmosphäre, in der Sie sich entspannen und fallen lassen können.</p><p><br></p><p>Fazit</p><p><br></p><p>Wahre Qualität zeigt sich nicht nur im sichtbaren Ergebnis –</p><p>sondern im gesamten Erlebnis von Beratung bis Nachsorge.</p>","<p><b>A Professional Studio Is More Than Just a Beautiful Space</b></p><p><br></p><p>A truly professional studio is defined not only by its interior design, but by its standards, integrity, and attention to detail.</p><p><br></p><p>Consultation – Personal, Honest, Individual</p><p><br></p><p>Professionalism begins with consultation.</p><p>Every client is seen, heard, and respected.</p><p>We take the time to understand your skin, your concerns, and your goals—because lasting results start with trust and transparency.</p><p><br></p><p>Treatment – Precision and Focus</p><p><br></p><p>During each treatment, calmness and concentration define the atmosphere.</p><p>No distractions. No private conversations.</p><p>Only precise techniques, modern technology, and full attention dedicated to your skin.</p><p><br></p><p>Hygiene – Quality and Responsibility</p><p><br></p><p>Hygiene is not an option—it is a standard.</p><p>Structured processes, strict cleanliness, and carefully selected premium products reflect our commitment to safety and excellence.</p><p><br></p><p>Atmosphere – Fairness and Comfort</p><p><br></p><p>A professional studio offers fair pricing and a welcoming environment where you can truly relax and feel confident in expert hands.</p><p><br></p><p>True Quality Is More Than a Result</p><p><br></p><p>It is reflected in the entire experience—from consultation to aftercare.</p>","/uploads/upload_1772572527269.jpeg","Tipps","Smiling Studio","published","2026-02-04 07:30:44.2","2026-03-03 21:15:33.599","false",,,,
"17","Warum ist eine professionelle Hautanalyse so wertvoll?","Why is a Professional Skin Analysis So Valuable?",,"professionelle-hautanalyse-wertvoll","Professionelle Hautanalyse – Die Grundlage für gezielte und wirksame Hautpflege<div><br></div><div>Eine professionelle Hautanalyse zeigt exakt, was Ihre Haut wirklich braucht. Mithilfe moderner Hautanalyse-Technologie wird Ihr individueller Hautzustand präzise gemessen und ausgewertet – darunter Talgproduktion, Hautglanz, Pigmentierung, Porenbild, Unreinheiten und die allgemeine Hautstruktur.</div><div><br></div><div>Diese detaillierte Analyse ermöglicht eine fundierte Beurteilung Ihrer aktuellen Hautsituation und bildet die Basis für eine gezielte, effektive Pflege.</div><div><br></div><div>Auf Grundlage Ihrer Hautanalyse erhalten Sie individuelle Empfehlungen für:</div><div><br></div><div>- die optimale Hautpflege-Routine</div><div><br></div><div>- passende, hauttypgerechte Pflegeprodukte</div><div><br></div><div>- sinnvolle Anpassungen Ihrer Pflegegewohnheiten</div><div><br></div><div>- unterstützende Maßnahmen im Lebensstil</div><div><br></div><div>Gerade vor der Investition in hochwertige Kosmetikprodukte oder exklusive Gesichtsbehandlungen bietet eine professionelle Hautanalyse einen entscheidenden Vorteil: Sie liefert objektive Ausgangswerte, anhand derer Fortschritte transparent messbar und vergleichbar werden.</div><div><br></div><div>So wissen Sie genau, wo Ihre Haut aktuell steht – und wie sie sich nachhaltig verbessern lässt.</div><div><br></div><div>👉 Die Hautanalyse kann auch separat als eigenständige Beratung gebucht werden.</div>","Professional Skin Analysis – The Foundation of Targeted and Effective Skincare<div><br></div><div>A professional skin analysis reveals exactly what your skin truly needs. Using advanced skin analysis technology, your individual skin condition is precisely measured and evaluated, including sebum production, skin shine, pigmentation, pore condition, impurities, and overall skin texture.</div><div><br></div><div>This detailed assessment provides a clear understanding of your current skin status and forms the foundation for targeted, effective skincare.</div><div><br></div><div>Based on your results, you will receive personalized recommendations for:</div><div><br></div><div>the right skincare routine</div><div><br></div><div>suitable, skin-type-specific products</div><div><br></div><div>necessary adjustments to your skincare habits</div><div><br></div><div>supportive lifestyle improvements</div><div><br></div><div>Especially before investing in high-quality skincare products or premium facial treatments, a professional skin analysis offers a decisive advantage: It provides objective baseline values that make results measurable and comparable over time.</div><div><br></div><div>You will know exactly where your skin stands – and how it can be improved in a targeted and sustainable way.</div><div><br></div><div>👉 The skin analysis can also be booked as a standalone consultation service.</div>","/uploads/upload_1772572024191.png","Hautpflege","Smiling Studio","published","2026-02-08 07:08:57.347","2026-03-03 21:11:42.049","false",,,,
"18","Teure Pflege, null Effekt? Der Fehler liegt vor dem Eincremen!","Expensive skincare, zero results? The mistake happens before you even apply the cream!",,"saubere-haut-basis-gesichtspflege","Warum eine professionelle Gesichtsreinigung die Basis für strahlende Haut ist<div><br></div><div>Schöne, strahlende Haut beginnt nicht mit teuren Cremes, sondern mit einer gründlichen und professionellen Gesichtsreinigung. Nur auf sauberer Haut können hochwertige Seren und Pflegeprodukte ihre volle Wirkung entfalten.</div><div><br></div><div>Im Alltag lagern sich Schmutzpartikel, überschüssiger Talg, Make-up-Reste und abgestorbene Hautzellen auf der Hautoberfläche ab. Eine herkömmliche Reinigung zu Hause entfernt meist nur oberflächliche Rückstände. Tief sitzende Verunreinigungen bleiben bestehen, verstopfen die Poren und lassen den Teint müde und fahl erscheinen.</div><div><br></div><div>Eine professionelle, porentiefe Gesichtsreinigung geht deutlich weiter:</div><div>Sie entfernt Unreinheiten gründlich, unterstützt die natürliche Hauterneuerung, verfeinert das Hautbild und bereitet die Haut optimal auf hochwirksame Wirkstoffe vor. Dadurch können Seren, Ampullen und Pflegeprodukte deutlich besser aufgenommen werden – für sichtbar mehr Frische, Klarheit und Ausstrahlung.</div><div><br></div><div>Fazit</div><div><br></div><div>Reine Haut ist kein Luxus, sondern die Grundlage für eine gesunde, gepflegte und dauerhaft schöne Haut.</div><div><br></div><div>Strahlende Haut beginnt immer mit sauberer Haut.</div>","Why Professional Facial Cleansing Is the Foundation of Radiant Skin<div><br></div><div>Beautiful, radiant skin doesn’t begin with expensive creams—it starts with thorough, professional facial cleansing. Only on clean skin can high-quality serums and skincare products unfold their full potential.</div><div><br></div><div>In everyday life, dirt particles, excess sebum, makeup residue, and dead skin cells accumulate on the skin’s surface. A regular at-home cleansing routine usually removes only superficial impurities. Deep-seated buildup often remains, clogging the pores and leaving the complexion looking dull and tired.</div><div><br></div><div>A professional, deep-cleansing facial goes far beyond basic cleansing.</div><div>It thoroughly removes impurities, supports the skin’s natural renewal process, refines the complexion, and optimally prepares the skin for highly effective active ingredients. As a result, serums, ampoules, and skincare products can be absorbed much more efficiently—leading to visibly greater freshness, clarity, and radiance.</div><div><br></div><div>Conclusion</div><div><br></div><div>Clean skin is not a luxury—it is the foundation of healthy, well-cared-for, and consistently beautiful skin.</div><div><br></div><div>Radiant skin always begins with clean skin.</div>","/uploads/upload_1772571990165.png","Hautpflege","Smiling Studio","published","2026-02-08 07:08:57.992","2026-03-03 21:06:37.759","false",,,,
"20","SMILING STUDIO SUCHT VERSTÄRKUNG","📢 SMILING STUDIO IS HIRING",,"smiling-studio-sucht-verstrkung","Für unser wachsendes Team suchen wir motivierte Mitarbeiter für folgende Positionen:<div><br></div><div>✨ Nageldesigner/in (Nail Technician)</div><div>✨ Headspa / Haarwäsche Mitarbeiter/in</div><div>✨ Kosmetik / Hautpflege Mitarbeiter/in</div><div><br></div><div>👉 Auch ohne Erfahrung möglich – Schulung wird angeboten.</div><div><br></div><div>💰 Gehalt &amp; Vorteile</div><div><br></div><div>• Startgehalt: 15€ / Stunde</div><div>• Bei guter Leistung oder Erfahrung höheres Gehalt möglich</div><div>• Festgehalt + Bonus</div><div>• Angenehmes Arbeitsumfeld in einem professionellen Studio</div><div><br></div><div>📍 Arbeitsort</div><div><br></div><div>in Wiesbaden</div><div><br></div><div>🕒 Arbeitsmodelle</div><div><br></div><div>• Vollzeit</div><div>• Teilzeit</div><div>• Aushilfe</div><div><br></div><div>📩 Bewerbung</div><div><br></div><div>Bitte senden Sie Ihre Bewerbung ausschließlich per Email mit VOLLSTÄDIGEN 9 folgenden Informationen:</div><div><br></div><div>1. • Name</div><div>2. • Geburtsjahr</div><div>3. • Telefonnummer</div><div>4. • Berufserfahrung (falls vorhanden)</div><div>5. • Gewünschte Position</div><div>(Nageldesigner / Headspa / Hautpflege)</div><div><br></div><div>6..• Arbeitsmodell</div><div>(Vollzeit / Teilzeit / Aushilfe)</div><div><br></div><div>7. • Feste Arbeitszeiten pro Woche <b>(SEHR WICHTIG!!!!!!!!)</b></div><div>(Zeit, in der Sie im Studio anwesend sein können)(SEHR WICHTIG!!!!!!!!)</div><div><br></div><div>8. • Flexible Einsatzzeiten <b>(SEHR WICHTIG!!!!!!!!)</b></div><div>(Zeit, in der Sie bei Bedarf mit 1 Tag Vorlauf arbeiten können)</div><div>9. ein BILD von Ihnen</div><div><br></div><div>🤝 Wir freuen uns auf eine langfristige Zusammenarbeit.</div><div><br></div><div>📧 Bewerbung bitte per Email an <b>smilingnailswiesbaden@gmail. com</b> senden.&nbsp;</div><div><br></div><div>VIETNAMESISCHE VERSION</div><div><br></div><div>Smiling Studio hiện đang mở rộng hoạt động và cần tuyển thêm các vị trí sau:</div><div><br></div><div>✨ 1. Thợ làm móng (Nail Designer)</div><div>✨ 2. Thợ gội đầu / Headspa</div><div>✨ 3. Nhân viên chăm sóc da (Skincare / Facial)</div><div><br></div><div>👉 Chưa có kinh nghiệm sẽ được đào tạo.</div><div><br></div><div>💰 Mức lương &amp; quyền lợi</div><div><br></div><div>• Lương khởi điểm: 15€/giờ</div><div>• Tay nghề tốt hoặc có kinh nghiệm sẽ tăng lương theo năng lực</div><div>• Lương cứng + thưởng</div><div>• Môi trường làm việc chuyên nghiệp, ổn định lâu dài</div><div><br></div><div>📍 Địa điểm làm việc</div><div>Smiling Studio – Wiesbaden</div><div><br></div><div>🕒 Hình thức làm việc</div><div><br></div><div>• Vollzeit (toàn thời gian)</div><div>• Teilzeit (bán thời gian)</div><div>• Aushilfe (làm thêm)</div><div><br></div><div>📩 Cách ứng tuyển</div><div><br></div><div>Chỉ nhận đơn xin việc qua Email với đầy đủ&nbsp; 9 thông tin sau:&nbsp;</div><div><br></div><div>• Họ và tên</div><div>• Năm sinh</div><div>• Số điện thoại</div><div>• Kinh nghiệm làm việc (nếu có)</div><div>• Ứng tuyển vị trí:</div><div><br></div><div>Thợ làm móng</div><div><br></div><div>Thợ gội đầu</div><div><br></div><div>Chăm sóc da</div><div>• Hình thức làm việc:</div><div><br></div><div>Vollzeit / Teilzeit / Aushilfe</div><div>• Thời gian làm việc cố định trong tuần (giờ có mặt tại Studio)</div><div>• Thời gian có thể sắp xếp làm việc linh hoạt (không cần có mặt tại Studio nhưng có thể đến làm nếu báo trước 1 ngày)</div><div>. Ảnh&nbsp;</div><div><br></div><div>🤝 Chúng tôi rất mong được hợp tác cùng các bạn trong môi trường làm việc thân thiện và chuyên nghiệp.</div><div><br></div><div>📧 Gửi hồ sơ qua Email: smilingnailswiesbaden@gmail.com</div>","We are currently looking for motivated team members for the following positions:<div><br></div><div>✨ Nail Technician</div><div>✨ Head Spa / Hair Wash Specialist</div><div>✨ Skincare / Facial Specialist</div><div><br></div><div>👉 No experience required – training will be provided.</div><div><br></div><div>💰 Salary &amp; Benefits</div><div><br></div><div>• Starting salary: 15€ / hour</div><div>• Higher salary depending on experience and skill level</div><div>• Base salary + bonus</div><div>• Professional and friendly working environment</div><div><br></div><div>📍 Work location</div><div><br></div><div>Smiling Studio – Wiesbaden</div><div><br></div><div>🕒 Work models</div><div><br></div><div>• Full-time</div><div>• Part-time</div><div>• Temporary / Assistant</div><div><br></div><div>📩 How to apply</div><div><br></div><div>Please send your application via Email only with the following information:</div><div><br></div><div>• Full name</div><div>• Year of birth</div><div>• Phone number</div><div>• Work experience (if any)</div><div>• Position you are applying for</div><div>(Nail Technician / Head Spa / Skincare)</div><div><br></div><div>• Work model</div><div>(Full-time / Part-time / Assistant)</div><div><br></div><div>• Fixed working schedule during the week (IMPORTANT)</div><div>(Time you can be present at the studio)</div><div><br></div><div>• Flexible availability (IMPORTANT)</div><div>(Time you could come to work with one-day notice)</div><div>. a picture of u</div><div><br></div><div>🤝 We look forward to welcoming new team members to our growing studio.</div><div><br></div><div>📧 Please send your application by Email: smilingnailswiesbaden@gmail.com</div>","/uploads/upload_1772900410126.png","Wellness","Admin","published","2026-03-06 17:24:08.981","2026-03-07 16:20:19.62","false",,,,
"21","Creme, Serum, Spray oder Make-up mit SPF?Welcher Sonnenschutz schützt deine Haut wirklich?","Cream, Serum, Spray, or SPF Make-up? Which one actually protects your skin?",,"was-dir-niemand-ber-sonnenschutz-im-make-up-verrt","⚠️ Der große Make-up-Irrtum<div>Viele denken: „Meine Foundation hat LSF 50, das reicht.“ Leider nein! Um den Schutzfaktor 50 tatsächlich zu erreichen, müsstest du eine zentimeterdicke Schicht Make-up auftragen. In der Realität bietet dein Make-up oft nur einen Schutz von ca. LSF 3 bis 5.</div><div><br></div><div>Mein Profi-Tipp: Nutze immer ein dediziertes Sonnenschutz-Serum oder eine Creme als Basis unter deinem Make-up!</div><div>Ich höre oft von Kundinnen:</div><div>„Ich benutze nur im Sommer Sonnencreme.“</div><div>Oder:</div><div>„Heute scheint die Sonne nicht, ich brauche keinen Schutz.“</div><div><br></div><div>Aber ehrlich gesagt: Die Sonne arbeitet jeden Tag – auch wenn wir sie nicht sehen.</div><div><br></div><div>UV-Strahlen sind einer der größten Gründe für:</div><div><br></div><div>• frühzeitige Falten</div><div>• Pigmentflecken</div><div>• eine geschwächte Hautbarriere</div><div>• und langfristig sogar Hautschäden</div><div><br></div><div>Viele Hautprobleme, die wir später behandeln wollen, entstehen eigentlich schon viel früher – einfach, weil die Haut nicht ausreichend geschützt wurde.</div><div><br></div><div>Welche Sonnenschutz-Produkte gibt es eigentlich?</div><div><br></div><div>Es gibt viele Formen, und jede hat ihre eigenen Vorteile.</div><div><br></div><div>1️⃣ Sonnencreme</div><div><br></div><div>Die klassische Variante.</div><div><br></div><div>Vorteile:</div><div>• pflegend</div><div>• ideal für trockene Haut</div><div>• zuverlässiger Schutz</div><div><br></div><div>Nachteil:</div><div>• kann bei fettiger Haut manchmal etwas schwer wirken.</div><div><br></div><div>2️⃣ Sonnenschutz-Serum</div><div><br></div><div>Sehr beliebt bei Menschen, die leichte Texturen mögen.</div><div><br></div><div>Vorteile:</div><div>• zieht schnell ein</div><div>• fühlt sich sehr leicht an</div><div>• perfekt unter Make-up</div><div><br></div><div>Nachteil:</div><div>• manchmal weniger pflegend.</div><div><br></div><div>3️⃣ Sonnenschutz-Spray oder Mist</div><div><br></div><div>Super praktisch – besonders unterwegs.</div><div><br></div><div>Vorteile:</div><div>• schnell aufzutragen</div><div>• ideal zum Auffrischen über Make-up</div><div><br></div><div>Nachteil:</div><div>• wenn man zu wenig sprüht, ist der Schutz nicht vollständig.</div><div><br></div><div>4️⃣ Make-up mit SPF</div><div><br></div><div>Viele Foundations oder BB-Creams enthalten heute auch Sonnenschutz.</div><div><br></div><div>Vorteile:</div><div>• praktisch im Alltag</div><div>• kombiniert Pflege und Make-up</div><div><br></div><div>Nachteil:</div><div>• meistens trägt man nicht genug Menge, um den vollen Schutz zu erreichen.</div><div><br></div><div>Deshalb sollte Make-up mit SPF immer nur eine Ergänzung sein – nicht der einzige Schutz.</div><div><br></div><div>Noch etwas Wichtiges zum SPF</div><div><br></div><div>Viele denken:</div><div>„Alle Produkte haben SPF 30 – also ist der Schutz gleich.“</div><div><br></div><div>Aber in Wirklichkeit hängt der Schutz auch davon ab:</div><div><br></div><div>• wie viel Produkt man verwendet</div><div>• wie gleichmäßig es aufgetragen wird</div><div>• und ob man im Laufe des Tages nachträgt.</div><div><br></div><div>✨ Mein persönlicher Tipp:</div><div><br></div><div>Die beste Routine ist eigentlich ganz einfach:</div><div><br></div><div>1️⃣ Hautpflege</div><div>2️⃣ Sonnenschutz</div><div>3️⃣ Make-up</div><div><br></div><div>Und im Sommer oder bei viel Sonne:</div><div>alle paar Stunden nachtragen.</div><div><br></div><div>Denn schöne Haut entsteht nicht nur durch gute Behandlungen –</div><div>sondern vor allem durch Schutz im Alltag.</div><div><br></div><div>Deine Haut wird es dir in ein paar Jahren danken. 💛</div>","⚠️ The Great Make-Up Myth<div>Many people think: ""My foundation has SPF 50, so I’m covered."" Unfortunately, the answer is no! To actually achieve SPF 50 protection, you would need to apply a layer of make-up centimeters thick. In reality, your make-up often only provides a protection level of about SPF 3 to 5.</div><div><br></div><div>My Pro-Tip: Always use a dedicated sunscreen serum or cream as a base under your make-up!</div><div><br></div><div>I often hear from clients:</div><div>""I only use sunscreen in the summer.""</div><div>Or:</div><div>""The sun isn't shining today, I don't need any protection.""</div><div><br></div><div>But honestly: The sun is working every single day—even when we can't see it.</div><div><br></div><div>UV rays are one of the leading causes of:</div><div><br></div><div>Premature wrinkles</div><div><br></div><div>Pigmentation spots</div><div><br></div><div>A weakened skin barrier</div><div><br></div><div>Long-term skin damage</div><div><br></div><div>Many skin concerns that we try to treat later actually start much earlier—simply because the skin wasn't sufficiently protected.</div><div><br></div><div>Which Sunscreen Products Are Right for You?</div><div>There are many forms, each with its own advantages:</div><div><br></div><div>1️⃣ Sunscreen Cream</div><div>The classic choice.</div><div><br></div><div>Pros: Nourishing, ideal for dry skin, provides reliable protection.</div><div><br></div><div>Cons: Can sometimes feel a bit heavy on oily skin.</div><div><br></div><div>2️⃣ Sunscreen Serum</div><div>Very popular for those who love lightweight textures.</div><div><br></div><div>Pros: Absorbs quickly, feels weightless, perfect under make-up.</div><div><br></div><div>Cons: Sometimes less moisturizing than a cream.</div><div><br></div><div>3️⃣ Sunscreen Spray or Mist</div><div>Super practical—especially when you're on the go.</div><div><br></div><div>Pros: Quick to apply, ideal for refreshing your protection over make-up.</div><div><br></div><div>Cons: If you spray too little, the protection is incomplete.</div><div><br></div><div>4️⃣ Make-Up with SPF</div><div>Many foundations or BB creams now contain sunscreen.</div><div><br></div><div>Pros: Practical for daily use, combines skincare and make-up.</div><div><br></div><div>Cons: Most people don't apply enough to reach the full stated protection.</div><div><br></div><div>That’s why make-up with SPF should always be an addition—never your only line of defense.</div><div><br></div><div>One More Important Note on SPF</div><div>Many think: ""All products have SPF 30, so the protection is the same.""</div><div>But in reality, the level of protection depends on:</div><div><br></div><div>How much product you use</div><div><br></div><div>How evenly it is applied</div><div><br></div><div>Whether you re-apply throughout the day</div><div><br></div><div>✨ My Personal Tip for the Best Routine:</div><div>Skincare</div><div><br></div><div>Sunscreen</div><div><br></div><div>Make-up</div><div><br></div><div>And during the summer or on sunny days: re-apply every few hours.</div><div><br></div><div>Beautiful skin isn't just created through good treatments—it is primarily built through daily protection. Your skin will thank you in a few years! 💛</div>","/uploads/upload_1772927847877.png","Skincare","Admin","published","2026-03-08 21:21:57.553","2026-03-13 23:24:00.442","false",,,,
"22","Hier ist der Grund, warum Pigmentänderungen dich jederzeit treffen können","This is why you can develop Pigmentation at any time",,"hier-ist-der-grund-warum-pigmentnderungen-dich-jederzeit-treffen-knnen","Hier ist der Grund, warum Pigmentänderungen dich jederzeit treffen können<div>Zuerst einmal: Keine Panik. Pigmentänderungen (oder fachsprachlich Hyperpigmentierung) sind eigentlich ein Zeichen dafür, dass deine Haut extrem fleißig ist. Sie versucht dich zu schützen, schießt dabei nur manchmal über das Ziel hinaus.</div><div><br></div><div>Hier sind die drei Hauptgründe, warum das ""System"" jederzeit aus dem Gleichgewicht geraten kann:</div><div><br></div><div>1. Das ""Elefanten-Gedächtnis"" deiner Haut (UV-Strahlung)</div><div>Das ist der Klassiker. Unsere Melanozyten (die Zellen, die Farbe produzieren) vergessen nie. Auch wenn du heute brav Sonnenschutz trägst, können die Sünden von vor zehn Jahren jetzt als dunkle Flecken auftauchen.</div><div><br></div><div>Mein Eindruck: Es ist oft frustrierend, weil man denkt, man mache alles richtig, aber die Haut arbeitet hier wie ein Archivar, der alte Rechnungen erst Jahre später präsentiert.</div><div><br></div><div>2. Das Hormon-Karussell</div><div>Pigmentierung ist extrem eng mit unseren Hormonen verknüpft. Ob Pille, Schwangerschaft oder einfach der natürliche Zyklus – Östrogen und Progesteron können die Melanozyten ""triggern"".</div><div><br></div><div>Der Fachaspekt: Das nennt man oft Melasma. Es reicht manchmal schon eine kleine hormonelle Schwankung aus, und plötzlich entstehen symmetrische Schatten im Gesicht. Das zeigt uns einfach, wie vernetzt unser ganzer Körper ist.</div><div><br></div><div>3. ""Stille Post"" durch Entzündungen</div><div>Jeder Pickel, jeder kleine Kratzer oder sogar zu aggressive Peelings können eine postinflammatorische Hyperpigmentierung (PIH) auslösen.</div><div><br></div><div>Einfach erklärt: Wenn die Haut heilt, schickt sie zur Sicherheit eine Extraportion Pigment an die Stelle. Ich sage immer: Die Haut meint es gut, sie baut eine Art ""Schutzwall"", aber optisch ist das natürlich genau das, was wir nicht wollen.</div><div><br></div><div>Zu guter Letzt möchte ich dir eines ans Herz legen: Sei nicht zu streng mit dir selbst, wenn du im Spiegel diese Pigmentflecken siehst. Betrachte sie lieber als ""Zeitzeugen"" deiner eigenen Lebensreise – vielleicht sind sie Spuren von unvergesslichen, sonnigen Sommertagen oder Zeichen für die wunderbaren Veränderungen deines Körpers, wie zum Beispiel während einer Schwangerschaft.</div><div><br></div><div>Deine Haut ist nicht ""fehlerhaft"". Sie gibt einfach ihr Bestes, um dich auf ihre ganz eigene Weise zu schützen. Anstatt dir Sorgen zu machen, versuch doch, diesem ""treuen Begleiter"" mit etwas mehr Liebe und Geduld zu begegnen. Ein bisschen Sonnenschutz jeden Tag, ein wenig Verständnis für deine inneren Hormone und eine positive Einstellung – das ist der wahre Schlüssel, um deine natürliche Schönheit zum Strahlen zu bringen.</div><div><br></div><div>Pflege deine Haut ganz in Ruhe, dann wird alles gut! 🌿</div>","<br><div>Hello everyone! Let’s talk about those ""uninvited guests"" on our skin. Have you ever looked in the mirror and wondered why dark spots suddenly appeared, even though you’ve been diligent with your skincare?</div><div><br></div><div>As someone who looks at skin through a professional lens, my first piece of advice is: Don't panic. Pigmentation (or hyperpigmentation) is actually a sign that your skin is working incredibly hard to protect you—it’s just being a bit over-enthusiastic.</div><div><br></div><div>1. Your Skin’s ""Elephant Memory"" (UV Radiation)</div><div>This is the classic culprit. Our melanocytes (the cells that produce color) never forget. Even if you’re wearing SPF religiously today, the ""sun sins"" from ten years ago can suddenly surface as dark spots now.</div><div><br></div><div>My Take: It’s honestly frustrating. You feel like you’re doing everything right, but your skin acts like an archivist bringing up old receipts from a decade ago that you thought were settled!</div><div><br></div><div>2. The Hormonal Rollercoaster</div><div>Pigmentation is deeply intertwined with our hormones. Whether it’s the pill, pregnancy, or just your natural cycle—estrogen and progesterone can ""trigger"" melanocytes.</div><div><br></div><div>The Expert View: We often call this Melasma. Sometimes, even a tiny internal shift is enough for ""shadows"" to appear symmetrically on the face. It’s a powerful reminder of how connected our skin is to our internal health.</div><div><br></div><div>3. ""Chinese Whispers"" via Inflammation</div><div>Every breakout, every tiny scratch, or even an overly aggressive chemical peel can trigger Post-Inflammatory Hyperpigmentation (PIH).</div><div><br></div><div>Simple Explanation: When the skin heals, it sends an extra dose of pigment to that spot as a ""security measure."" I always say: your skin means well—it's trying to build a protective wall—but visually, it’s exactly what we don’t want.</div><div><br></div><div>Ultimately, I want to tell you one thing: don’t be too hard on yourself when you see those pigment spots in the mirror. Instead, try to see them as ""silent witnesses"" to your life’s journey—perhaps they are traces of unforgettable, sun-drenched summer days, or signs of the incredible changes your body has gone through, like during pregnancy.</div><div><br></div><div>Your skin isn't ""broken."" It is simply doing its absolute best to protect you in its own unique way. Instead of worrying, try to meet this ""faithful companion"" with a little more love and patience. A bit of sunscreen every day, a little understanding for your internal hormones, and a positive mindset—that is the true key to letting your natural beauty shine.</div><div><br></div><div>Take care of your skin with a calm heart, and everything will be just fine! 🌿</div>","https://images.unsplash.com/photo-1560066984-138dadb4c035?auto=format&fit=crop&q=80&w=800","Skincare","Admin","published","2026-03-13 23:09:13.331","2026-03-19 06:14:24.169","true","Test Infomaterial Link","Aftercare","https://example.com/test.pdf","https://www.instagram.com/p/C_rCyyvNqN6/embed/"
"23","💎 Dein Haar verdient mehr als Pflege – es verdient Therapie mit unserem HEADSPA","Your hair deserves more than care – it deserves therapy with our HEADSPA",,"-dein-haar-verdient-mehr-als-pflege--es-verdient-therapie","💎 Dein Haar verdient mehr als Pflege – es verdient Therapie<div><br></div><div>Beim HeadSpa Deluxe im Smiling Studio erwartet dich eine ganzheitliche Behandlung:</div><div><br></div><div>✔ Intensive Reinigung (Haar Detox)</div><div>✔ Moderne Technologie gegen Haarausfall</div><div>✔ Aktivierung der Haarwurzeln</div><div>✔ Asiatische Kopfmassage für tiefes Wohlbefinden</div><div><br></div><div>🌿 Mehr als Wellness – eine echte Behandlung für gesundes Haar.</div><div><br></div><div>👭 Auch ideal als Spa-Moment für zwei.</div>","Your hair deserves more than care – it deserves therapy<div><br></div><div>With our HeadSpa Deluxe at Smiling Studio, you can expect a holistic treatment:</div><div><br></div><div>✔ Intensive cleansing (hair detox)</div><div>✔ Advanced technology to combat hair loss</div><div>✔ Activation of the hair roots</div><div>✔ Asian-inspired head massage for deep relaxation</div><div><br></div><div>🌿 More than wellness – a real treatment for healthy hair</div><div><br></div><div>👭 Also perfect as a spa moment for two</div>","/uploads/upload_1774277575562.jpg","Wellness","Admin","published","2026-03-23 14:53:38.089","2026-03-23 14:53:38.089","false",,"Beauty-Wissen",,